id,filename,width,height,file_size,sha256
730776e2-3b28-4b9e-9977-cb25df89d33a,hair/unisex/hair_6.png,1440,3200,118973,
06e27c43-ac52-446d-809e-d4dc2cb17480,hair/unisex/hair_5.png,1440,3200,117707,
041751ea-ef86-42e9-a27e-d2e09b0684c6,hair/unisex/hair_7.png,1440,3200,109518,
0eca3bff-3a66-4e31-899c-53fd9308f47e,mouth/unisex/boca_4.png,1440,3200,93695,
2e4fa84a-7382-43bd-bea5-b50022a2c67b,accessories/unisex/manilla_2.png,1440,3200,100866,
e0061577-26d8-47de-b5e5-64c88a83a1a6,base/base-man/167 sin título_20250922233558.png,1440,3200,140953,2ab8129ff5694d8e1fe506adfb2b7dbae10ff0a76d2cd9ad41e5f49dc599f027
ebadd63e-871f-4e94-9670-0c0f18cd8f6f,base/base-man/167 sin título_20250923002615.png,1440,3200,149883,8d0a96189f3c1df39d4f6239539efe9f63143cd01ac9bd550953f6afee8ceac1
7f4d4370-7e1b-4f00-9586-aa90abd92dcf,base/base-woman/167 sin título_20250922233650.png,1440,3200,146358,849891404a60a72c5e1a0b1425008844e46761489e6014109690eda02406d0e9
abc6a643-6c70-42bc-b251-b51c34992281,base/base-woman/167 sin título_20250923002534.png,1440,3200,156558,e9b8bcd0fee5c739cd929fde8b2fa4c56f69379e5e02b9eb5869d04a4f41147a
